<?xml version="1.0" encoding="UTF-8" ?>
<Module>
    <ModulePrefs
        title="Boss Spy"
        description="Lets you spy on your boss and their boss and so on."
        scrolling="true"
        height="300"
    >
        <Require feature="settitle" />
        <Require feature="socialtext" />
        <Require feature="core.io" />
    </ModulePrefs>
    <UserPref name="viewer" datatype="hidden"/>
    <UserPref name="base_uri" datatype="hidden"/>
  <Content type="html">

    <![CDATA[
<!--

Copyright 2008 Socialtext, Inc.

Licensed under the Apache License, Version 2.0 (the "License"); you may not
use this file except in compliance with the License. You may obtain a copy of
the License at 

http://www.apache.org/licenses/LICENSE-2.0 

Unless required by applicable law or agreed to in writing, software
distributed under the License is distributed on an "AS IS" BASIS, WITHOUT
WARRANTIES OR CONDITIONS OF ANY KIND, either express or implied. See the
License for the specific language governing permissions and limitations under
the License. 

-->

<div style="color: grey; text-align: right; font-size: 75%" id="status"></div>
<div id="results">
    <div style="color:grey; text-align: right; font-size: 75%">Results from Google</div>
<ul id="list" style="margin:0; padding:0; list-style: none">
</ul>
</div>
    <script>
(function(){

var params = {};
params[gadgets.io.RequestParameters.CONTENT_TYPE] =
    gadgets.io.ContentType.JSON;

var supervisorlist=[];;
var companyname;
var googcount=0;

function getUserInfo() {
    jQuery("#status").text("Getting your info");
    gadgets.io.makeRequest(
        '__UP_base_uri__/data/people/__UP_viewer__', 
        handleUserInfo,
        params
    );
}

function handleUserInfo(response) {
    if (response.errors.length) {
        jQuery("#status").text("Could not retrieve your user info"); 
    }
    else {
        var supervisor=response.data.supervisor;
        if (supervisor==undefined)
        {
            jQuery("#results").text("You have not specified your supervisor");
            return;
        }
        // Fire off sequence of requests to build up the chain of supevisors
        getSupervisorChain(response.data);
   }
   }

function getSupervisorChain(supervisor)
{
    jQuery("#status").text("Got supervisor "+supervisorlist.length);
    if ((supervisor.supervisor != undefined)  && (supervisorlist.length < 10)){
        gadgets.io.makeRequest( '__UP_base_uri__/data/people/'+supervisor.supervisor.id,
            handleSupervisor,
            params);
    }
    else {
        getGoogleSummaries();
    }
}

function handleSupervisor(response) {
    if (response.errors.length) {
        // this is an error condition, we'll silently fail since 
        // the widget should still work if the supervisor chain is broken
        }
    else {
        supervisorlist.push(response.data);
        getSupervisorChain(response.data);
    }
}

function getGoogleSummaries()
{
    jQuery("#status").text("Googling on supervisor "+googcount);
    if  (googcount < supervisorlist.length)
    {
        gadgets.io.makeRequest(
            'http://ajax.googleapis.com/ajax/services/search/web?v=1.0&q="'+supervisorlist[googcount].best_full_name+'"',
            handleGoogleResult,
            params
        )
    }
}

function handleGoogleResult(response)
{
    if (response.data.responseStatus == 200)
    {
    var newlist=jQuery("<ul style='padding-left: 2em'>");
        jQuery.each([0,1,2], function (i) {
        var searchresult=response.data.responseData.results[i];
            newlist.append(
            jQuery("<li style='font-size: 75%; '>").append(
                '<a href="'+searchresult.unescapedUrl+'">'+
                    searchresult.titleNoFormatting+'</a>')
            );
        });
        var summary=jQuery("<span>").append(
            jQuery("<strong>").
                    text(supervisorlist[googcount].best_full_name+":"));
            jQuery("#list").append( jQuery("<li>").css("padding-bottom","8px").append(summary).append(newlist));
    }
    googcount++;
    getGoogleSummaries();
}

gadgets.util.registerOnLoadHandler(getUserInfo);
})();
    </script>

    ]]>
  </Content>
</Module>
